date,source_url,node_count,status
2026-02-05 11:48:25,https://raw.githubusercontent.com/vless-free/free/main/v2ray,0,404
2026-02-05 11:48:25,https://raw.githubusercontent.com/StaySleepless/free-nodes/main/nodes.txt,0,404
2026-02-05 11:48:25,https://raw.githubusercontent.com/Pawdroid/Free-v2ray/main/v2ray.txt,0,404
2026-02-05 11:48:25,https://raw.githubusercontent.com/freefq/free/master/v2ray,0,404
2026-02-05 11:48:25,https://raw.githubusercontent.com/v2ray-free/free/main/v2ray,0,404
2026-02-05 11:48:25,https://raw.githubusercontent.com/mueiba/free-nodes/main/nodes.txt,0,404
2026-02-05 11:48:25,https://raw.githubusercontent.com/LonUp/NodeList/main/latest/all_export.txt,0,404
2026-02-05 11:48:25,https://raw.githubusercontent.com/tbbatbb/Proxy/master/dist/v2ray.txt,0,404
2026-02-05 11:48:25,https://raw.githubusercontent.com/qjlxg/aggregator/refs/heads/main/data/clash.yaml,0,200
2026-02-05 11:48:25,https://raw.githubusercontent.com/qjlxg/one/refs/heads/main/latest_nodes.txt,116,200
2026-02-05 11:48:25,https://raw.githubusercontent.com/qjlxg/one/refs/heads/main/nodes_list.txt,618,200
2026-02-05 11:48:25,https://raw.githubusercontent.com/qjlxg/aggregator/refs/heads/main/data/520.yaml,1,200
