Domain,Protocol,Count,Status
cc.552298.xyz,https://,12,Success
165.232.153.33,https://,2,Success
89.23.108.83,http://,10,Success
g.552298.xyz,https://,12,Success
178.130.46.190,https://,2,Success
191.96.11.60,https://,1,Success
6.552298.xyz,https://,12,Success
vl.theopad.com,https://,6,Success
95.216.184.4:8080,http://,2,Success
bakrie.ac.id.gas1.idservers.xyz,https://,33,Success
fclax.888161.xyz,https://,1,Success
gas1.idservers.xyz:2053,https://,33,Success
95.139.91.229,http://,7,Success
support.zoom.us.cf.workerz.me,https://,90,Success
38.12.28.76:8880,http://,2,Success
free01.terongluna.my.id:2053,https://,144,Success
support.zoom.us.free01.terongluna.my.id,https://,144,Success
dec.is-an.ai,https://,1,Success
kaikanaeru.my.id,https://,2,Success
jiliaoyo.top,https://,2,Success
free01.terongluna.my.id,https://,144,Success
205.198.87.3,https://,2,Success
ava.game.naver.com.cf.workerz.me:2096,https://,90,Success
wildcrot.patunganvps.us,https://,2,Success
ava.game.naver.com.free01.terongluna.my.id,https://,144,Success
quiz.int.vidio.com.multi.xsmnet.cfd:2083,https://,138,Success
217.60.36.84,https://,3,Success
ivanbayan.com,https://,2,Success
141.98.16.31,http://,3,Success
ava.game.naver.com.cf.workerz.me,https://,90,Success
02.markhe.cloudns.biz,https://,6,Success
1.kclx.eu.org:2095,http://,300,Success
144.31.74.128:8083,http://,1,Success
go1.xcl.pp.ua,https://,6,Success
38.55.199.180,https://,1,Success
144.31.74.144:8083,http://,1,Success
goldconnect.top.poyesh-samandehi-maskan.com,https://,1,Success
94.159.116.93,https://,104,Success
mgynode.com,https://,3,Success
support.zoom.us.free.botcf.biz.id,https://,60,Success
free.botcf.biz.id,https://,60,Success
skgura.dpdns.org,https://,3,Success
62.60.147.250,http://,1,Success
