Domain,Protocol,StandardNodes,Status
107.172.5.23,https://,0,Success
72.249.203.171,https://,0,Success
104.194.81.134,http://,0,Success
discuss.python.org,https://,0,Success
176.9.139.46:8004,None,0,Fail
192.204.43.131,http://,5,Success
174.112.124.95,https://,0,Success
45.134.39.8,https://,0,Success
www.mojojs.org,https://,0,Success
awesome-privacy.xyz,None,0,Fail
176.9.139.46:8003,None,0,Fail
43.156.236.196:8090,http://,2,Success
107.173.159.106,https://,0,Success
188.132.198.8,http://,0,Success
blog.abigail.co.il,https://,0,Success
43.132.149.218,https://,0,Success
yumiho.xiaoyu.lol,None,0,Fail
18.116.181.87,https://,0,Success
91.107.156.230,https://,0,Success
51.210.105.21,https://,0,Success
156.254.115.210,https://,1,Success
yt166.yuntivpnpro.com,https://,0,Success
onehack.st,https://,0,Success
152.53.191.135:3000,http://,0,Success
45.135.165.155,https://,0,Success
www.onehack.st,https://,0,Success
81.95.108.216:8088,http://,0,Success
43.160.193.79:8888,http://,0,Success
91.99.66.183:3000,http://,0,Success
120.24.150.17,http://,0,Success
orn.potpot.cz,https://,0,Success
157.254.222.103:8080,http://,0,Success
176.9.139.46:8002,http://,0,Success
34.54.223.171,http://,0,Success
112.2.3.218:3001,http://,0,Success
cookbook.decart.ai,https://,1,Success
blog.quentinra.dev,https://,0,Success
down.lmjiasu.uk,https://,0,Success
116.203.26.100:3000,http://,0,Success
papers.agrivy.com,https://,0,Success
edspace.com,https://,0,Success
pagecrawl.io,https://,0,Success
gitstar.space,https://,0,Success
crawler.docs.browsertrix.com,https://,0,Success
developers.aquilax.ai,https://,0,Success
www.webmanajemen.com,https://,0,Success
52.0.194.139,http://,0,Success
hpc.uco.edu,https://,0,Success
43.163.239.113:8088,http://,0,Success
www.disrupter.com,https://,0,Success
forum.openzeppelin.com,https://,0,Success
www.quertime.com,https://,0,Success
papers.agromodel.cn,https://,0,Success
mengluo.vip,https://,0,Success
111.229.212.152,https://,0,Success
154.219.119.241,https://,0,Success
54.38.241.188:3000,http://,0,Success
docs.kubiya.ai,https://,0,Success
194.195.87.245,https://,0,Success
45.32.77.29,https://,0,Success
forum.encryptbd.com,https://,0,Success
8.219.77.170,https://,0,Success
129.150.46.127:8000,http://,0,Success
176.9.139.46:8000,http://,0,Success
43.160.193.79,http://,0,Success
disrupter.com,https://,0,Success
darshansaroya.com,https://,0,Success
23.95.164.191,https://,0,Success
23.95.164.192,https://,0,Success
19.jetsurfnetwork.ru,https://,0,Success
205.198.65.97:3000,http://,0,Success
portfolio.stijnhooft.be,https://,0,Success
34.132.83.30,https://,0,Success
cuiqingcai.com,None,0,Fail
notes.aliciasykes.com,https://,0,Success
www.ppsiliao.com,https://,0,Success
www.computingstack.com,https://,0,Success
machines.javiermolines.com,https://,0,Success
154.12.88.161:8000,http://,0,Success
18.236.221.6,https://,0,Success
mahle.deepfluid.ai,https://,0,Success
91.107.172.93,https://,0,Success
hangar.papermc.io,https://,0,Success
redirection.io,https://,0,Success
wmw-web-api.unio.sk,https://,0,Success
144.22.156.232,http://,0,Success
blog.fem.tu-ilmenau.de,https://,0,Success
3.12.96.65,http://,0,Success
houseofapis.xyz,https://,0,Success
roger.charmont.me,http://,0,Success
47.108.66.254,http://,0,Success
www.clash-to.org,https://,0,Success
www.procursorrules.com,https://,0,Success
blog.nikster.de,https://,0,Success
computerprogrammingcode.com,https://,0,Success
mojojs.org,https://,0,Success
portainer-templates.as93.net,https://,0,Success
community.proxidize.com,https://,0,Success
52.56.174.46,None,0,Fail
belaban.blogspot.com,https://,0,Success
www.nsideattacklogic.de,https://,0,Success
129.204.192.126:8112,http://,0,Success
www.lycode.top,http://,0,Success
trevorlasn.com,https://,0,Success
zlyum.com,https://,0,Success
forums.thehomestack.io,https://,0,Success
69.63.222.75,https://,0,Success
149.154.34.146,http://,0,Success
46.101.209.154:3000,http://,0,Success
api.taikr.com,https://,0,Success
www.bphqstaging2.com,None,0,Fail
161.189.1.42:8000,https://,0,Success
vuxml.freebsd.org,https://,0,Success
50.19.197.213,https://,0,Success
igor.moomers.org,https://,0,Success
3.145.82.219,http://,0,Success
yuucn.cn,https://,0,Success
updates.xcitium.com,https://,0,Success
publicapis.dev,https://,0,Success
www.computerprogrammingcode.com,https://,0,Success
www.freshcloud.com,https://,0,Success
docs.decocms.com,https://,0,Success
plugins.traefik.io,https://,0,Success
46.101.209.154,https://,0,Success
forum.worldguessr.com,https://,0,Success
www.trevorlasn.com,https://,0,Success
107.191.52.152:8888,http://,0,Success
3.140.85.11,http://,0,Success
3.128.173.7,http://,0,Success
planet.luv.asn.au,https://,0,Success
77.42.77.181,None,0,Fail
rocksgo.com,https://,0,Success
www.rumblefish.dev,https://,0,Success
lycode.top,https://,0,Success
linkbudz.m455.casa,https://,0,Success
146.190.83.71:8000,http://,0,Success
planet.coker.com.au,https://,0,Success
13.214.158.202,https://,0,Success
galerie.h13pottery.studio,https://,0,Success
3.22.81.93,http://,0,Success
community.noez.de,https://,0,Success
vpn.rocksgo.com,https://,0,Success
www.rocksgo.com,https://,0,Success
h13pottery.studio,https://,0,Success
34.177.88.145:8888,None,0,Fail
ip2geoapi.com,https://,0,Success
blog.blackquill.cc,https://,0,Success
mcp.so:2053,None,0,Fail
tus.io,https://,0,Success
srv.fileking.eu,None,0,Fail
dl4.fileking.eu,None,0,Fail
docs.olivetin.app,https://,0,Success
34.192.212.58,https://,0,Success
marketplace.dify.ai,https://,0,Success
b-clash.com.cn,https://,0,Success
www.fileking.eu,None,0,Fail
20.51.229.38,None,0,Fail
community.rsbotspot.com,https://,0,Success
tesla.homealerts.app,https://,1,Success
167.71.213.15,http://,0,Success
docs.photoprism.app,https://,0,Success
coap.space,https://,0,Success
spring.streamone-sky.com,https://,0,Success
www.mukupi.art,https://,0,Success
mock.pechkinapi.ru,https://,0,Success
dl3.fileking.eu,None,0,Fail
healwrap.cn,https://,0,Success
194.108.42.124,https://,0,Success
mukupi.art,https://,0,Success
git.theorangeone.net,https://,0,Success
3.65.214.173,None,0,Fail
www.bitdoom.com,https://,0,Success
www.sandcomp.com,https://,0,Success
www.jjuidev.com,https://,0,Success
dnsf-live-01.dev.maxifi.net,https://,0,Success
bases.apievangelist.com,None,0,Fail
onehack.us,https://,0,Success
blog.cafarelli.fr,https://,0,Success
kube.today,https://,0,Success
apps.umbrel.com,https://,0,Success
forum.alumio.com,https://,0,Success
52.83.77.2:8000,None,0,Fail
www.doodooti.com,https://,0,Success
www.awesomego.net,https://,0,Success
cloud.core.gen.tr,https://,0,Success
77.78.99.108,https://,0,Success
111.170.148.141:18081,None,0,Fail
fileking.eu,None,0,Fail
543083.xyz,https://,0,Success
community.dagknows.com,https://,0,Success
kube.today:2083,https://,0,Success
vpn2.rocksgo.com,http://,0,Success
mjyee.com,https://,0,Success
34.46.129.212,https://,0,Success
dev.fotofast.cz,https://,0,Success
ga.pp-international.net,https://,0,Success
mockbin.tools.unifiedpost.com,https://,0,Success
gethomepage.dev,https://,0,Success
www.hackdiary.com,https://,0,Success
91.134.44.43,https://,0,Success
sg2.privatus.top:8000,http://,0,Success
176.9.139.46:8010,None,0,Fail
143.198.98.66:84,http://,0,Success
116.203.35.109:7004,https://,0,Success
victoria.dev,https://,0,Success
18.158.41.53,None,0,Fail
www.in-nomine.org,https://,0,Success
blessed.rs,https://,0,Success
docs.platform.do,https://,0,Success
hub.atlasapp.ai,https://,0,Success
api.roguedatahub.xyz,https://,0,Success
www.lycloud.top,https://,0,Success
lycloud.top,https://,0,Success
216.24.190.33,https://,0,Success
blog.beer30.org,http://,0,Success
goodmemory.cc,https://,0,Success
doodooti.com,https://,0,Success
developer.auth0.com,https://,0,Success
54.236.144.143,https://,0,Success
opensource.builders,https://,0,Success
springdoc.org,https://,0,Success
blog.plip.com,https://,0,Success
3.73.183.92,None,0,Fail
golovin.cn,https://,0,Success
craftmend.com,https://,0,Success
www.beer30.org,http://,0,Success
www.bpchq.uk,None,0,Fail
new.jetacademy.az,https://,0,Success
hk.860431.xyz,https://,1,Success
marketplace.digitalocean.com,https://,0,Success
jetacademy.az,https://,0,Success
www.golovin.cn,https://,0,Success
3.64.189.149,None,0,Fail
tool.w22.net,https://,0,Success
18.232.244.28,https://,0,Success
94.113.242.100:443,http://,0,Success
dyg8g.fansgaoguo101.top,https://,0,Success
da.webringofkerry.ie,https://,0,Success
64.64.234.69,https://,0,Success
blog.gordonbuchan.com,https://,0,Success
sdia.tech,https://,0,Success
34.149.194.94,https://,0,Success
sublink.tftree.top,https://,0,Success
cliproxy.cxt97.site,https://,0,Success
webhooks.pos-api.com,https://,0,Success
admin-pa1.bazicenterr.de,https://,0,Success
94.23.0.49:8989,http://,0,Success
generator.rockblack.info,https://,0,Success
www.bitztools.com,https://,0,Success
awwesome.ntd.hr,None,0,Fail
www.it-staff.ru,https://,0,Success
stackabuse.com,https://,0,Success
bitztools.com,https://,0,Success
77.11.197.132,None,0,Fail
apidocs.devtron.ai,https://,0,Success
fluxxset.com,https://,0,Success
dev.coolsoft.cz,https://,0,Success
clash.shangtai.tech,https://,0,Success
185.73.102.156:8000,None,0,Fail
blog.haiqingd.top,https://,0,Success
art.harrisonm.com,https://,0,Success
190.92.151.20:3003,http://,0,Success
cms.staging-b67ebyj.legalbuddy.com,None,0,Fail
www.cms.staging-b67ebyj.legalbuddy.com,None,0,Fail
digiblur.com,https://,0,Success
convert.slakey.top,https://,0,Success
131.234.29.10,https://,0,Success
digiblur.com:2053,https://,0,Success
get-the-most.de,https://,0,Success
secureblink.com,https://,0,Success
www.paass.net,https://,0,Success
pangolin.net,https://,0,Success
parsiya.net,https://,0,Success
dev-api.membex.cz,None,0,Fail
www.secureblink.com,https://,0,Success
mcp.so,None,0,Fail
5.75.201.59,None,0,Fail
157.245.50.221,None,0,Fail
monitoring.brastygroup.eu,None,0,Fail
ccc.dddd.sandcomp.com,https://,0,Success
forum.keycloak.org,https://,0,Success
45.88.192.48,None,0,Fail
stars.github.com,https://,0,Success
a.bb.ccc.dddd.sandcomp.com,https://,0,Success
208.102.84.119:5001,None,0,Fail
dddd.sandcomp.com,https://,0,Success
comwww.sandcomp.com,https://,0,Success
3.96.187.161,None,0,Fail
77.183.114.142,None,0,Fail
bb.ccc.dddd.sandcomp.com,https://,0,Success
antigravity.pieixan.icu,https://,0,Success
chinaz.comwww.sandcomp.com,https://,0,Success
it-staff.imediasolutions.ru,https://,0,Success
ua.sandcomp.com,https://,0,Success
45.137.150.141:8001,None,0,Fail
www.devsly.io,https://,0,Success
www.clashforwindows.net,https://,0,Success
ajhstwhat.website.sandcomp.com,https://,0,Success
turnitin.sandcomp.com,https://,0,Success
website.sandcomp.com,https://,0,Success
www.splitgraph.com,https://,0,Success
fxsdnufxqmwhat.website.sandcomp.com,https://,0,Success
209.38.245.205,None,0,Fail
03add1f4-441e-4ba5-a43d-718307b1d5c5.sandcomp.com,https://,0,Success
e2e236a8-3fe8-43c4-b975-4f7d4a8651f0.sandcomp.com,https://,0,Success
c32b72de-ba99-4310-8ec8-3bd8d89a0e50.sandcomp.com,https://,0,Success
www.aliciasykes.com,https://,0,Success
c7230e19-d250-4712-b61f-1757b66b2b72.sandcomp.com,https://,0,Success
otimywbsubdomain.a.bb.ccc.dddd.sandcomp.com,https://,0,Success
ovmzdjob.sandcomp.com,https://,0,Success
de8fd14f-ee04-40cb-992a-eb721ec01530.sandcomp.com,https://,0,Success
soundyouneed.com:8000,http://,0,Success
blog.prabasiva.ai,https://,0,Success
maximcoffee.club,https://,0,Success
rtvogfanye.sandcomp.com,https://,0,Success
www.ua.sandcomp.com,https://,0,Success
88c61d0f-321e-42ec-8c11-2f5ebe36fef1.sandcomp.com,https://,0,Success
ynxzdx.sandcomp.com,https://,0,Success
_.sandcomp.com,https://,0,Success
ovlkc7www.sandcomp.com,https://,0,Success
13.214.158.202:9008,http://,0,Success
omxxym.sandcomp.com,https://,0,Success
www.sehatweb.com,https://,0,Success
forum.linuxfoundation.org,https://,0,Success
kepler.sandcomp.com,https://,0,Success
rank.chinaz.comwww.sandcomp.com,https://,0,Success
dzhdiwww.turnitin.sandcomp.com,https://,0,Success
ufxqmwhat.website.sandcomp.com,https://,0,Success
extmc.com,https://,0,Success
dueknsandcomp.comwww.sandcomp.com,https://,0,Success
composer.tiki.org,https://,0,Success
awweso.me,https://,0,Success
lyuk98.com,https://,0,Success
wvoaiseebv.visitkumanovo.com,https://,0,Success
wifipumpkin3.mintlify.app,https://,0,Success
nmntpx.sandcomp.com,https://,0,Success
20.191.152.35,None,0,Fail
klika-tech.com,https://,0,Success
ehotel.dotfox.cz,https://,0,Success
docs.projectvelocity.org,None,0,Fail
www.lqdev.me,https://,0,Success
mcp.so:2095,None,0,Fail
34.202.16.73,None,0,Fail
sub.zyfxs.top,None,0,Fail
mylalchands.lk,https://,0,Success
docs.wifipumpkin3.com,None,0,Fail
vpn2.rocksgo.com:8888,https://,0,Success
ififf.com,https://,0,Success
forum.proxyrack.com,https://,0,Success
8.148.216.20:8099,http://,0,Success
www.cloudrung.com,https://,0,Success
217.114.43.180:5000,None,0,Fail
www.mjyee.com,https://,0,Success
ksfitness-sk.preview.ideacloud.cz,None,0,Fail
docs.chef.io,https://,0,Success
78.54.247.242,None,0,Fail
35.158.233.221:8000,None,0,Fail
37.120.162.51:8887,http://,0,Success
blog.chesterwood.io,None,0,Fail
chesterwood.io,None,0,Fail
35.240.214.94:8888,None,0,Fail
keycloak.discourse.group,https://,0,Success
176.126.103.36:5000,None,0,Fail
drive.anga.codes,https://,0,Success
ksfitness-it.preview.ideacloud.cz,None,0,Fail
ksfitness-de.preview.ideacloud.cz,None,0,Fail
wifipumpkin3.com,None,0,Fail
blog.flipt.io,https://,0,Success
7171971.xyz,https://,0,Success
ksfitness-sl.preview.ideacloud.cz,None,0,Fail
3.104.78.80,None,0,Fail
ksfitness-pl.preview.ideacloud.cz,None,0,Fail
ksfitness-fr.preview.ideacloud.cz,None,0,Fail
1bcxvbtmgjf94hmrq01g.besstchange.com,None,0,Fail
93.128.152.48,None,0,Fail
52.57.76.184,None,0,Fail
ksfitness.preview.ideacloud.cz,None,0,Fail
115.192.239.137:3071,None,0,Fail
mcp.so:2096,None,0,Fail
www.klika-tech.com,https://,0,Success
www.mylalchands.lk,https://,0,Success
ksfitness-hu.preview.ideacloud.cz,None,0,Fail
183.87.251.85:8004,None,0,Fail
www.askkennyb.com,https://,0,Success
ksfitness-es.preview.ideacloud.cz,None,0,Fail
ksfitness-en.preview.ideacloud.cz,None,0,Fail
ksfitness-hr.preview.ideacloud.cz,None,0,Fail
gettjalerts.com,https://,0,Success
78.54.47.150,None,0,Fail
k8s.staging.kurl.sh,https://,0,Success
clashdns.com.cn,None,0,Fail
163.176.232.15,None,0,Fail
sublink.20162000.xyz,https://,0,Success
platba.ehotel.dotfox.cz,https://,0,Success
api.dev.elonga.com,None,0,Fail
www.ehotel.dotfox.cz,https://,0,Success
mcp.harishgarg.com,None,0,Fail
clashnyanpasu.net,https://,0,Success
dj.662529.xyz,https://,0,Success
intranet.ehotel.dotfox.cz,https://,0,Success
community.cambiumnetworks.com,https://,0,Success
sublink.kingback.app,https://,0,Success
www.buildwithclaude.com,https://,0,Success
web3sense.ai,None,0,Fail
weworkjs.com,https://,0,Success
sub.690321.xyz,https://,0,Success
95.217.159.130:8686,http://,0,Success
176.9.139.46:8013,None,0,Fail
blog.agnos.is,https://,0,Success
188.245.106.30,None,0,Fail
35.215.249.21:8000,None,0,Fail
igor47.moomers.org,https://,0,Success
54.38.81.148,https://,0,Success
forum.hackthebox.com,https://,0,Success
igor47.monksofcool.org,https://,0,Success
sublink.ziliuyuan.com,https://,0,Success
3.125.74.107,None,0,Fail
rocksolidapis.auto-poster.co.uk,https://,0,Success
docs.threatconnect.com,https://,0,Success
www.pixtagger.com,https://,0,Success
63.180.46.69:8000,None,0,Fail
sublink.zxmb.cloudns.org,https://,0,Success
resources-github-com.app3.casbqa-dps1.skyfencenet.com,https://,0,Success
ocm.devops.com.bd,None,0,Fail
www.saravana-kumar.com,https://,0,Success
51.15.104.12:8085,None,0,Fail
www.jobotedev.com,None,0,Fail
ping.mcp.so,None,0,Fail
34.124.174.169:8888,None,0,Fail
mi.dchao.us.kg,https://,0,Success
packages.globaltender.ru,https://,0,Success
saravana-kumar.com,https://,0,Success
sublink.edenz223.com,https://,0,Success
78.47.106.230:8011,None,0,Fail
c2.14th.vip,http://,0,Success
sub.xixi.day,None,0,Fail
v2.clashx-pro.com,https://,0,Success
sub.hillboy.org:2083,https://,0,Success
mihomo.65dns.net,https://,0,Success
opendevhub.nikhilnigam.in,https://,0,Success
124.162.114.132:8008,None,0,Fail
154.37.222.121:7001,None,0,Fail
cf-worker-mihomo-2or.pages.dev,https://,0,Success
dec.is-an.ai,https://,3,Success
89.12.224.95,None,0,Fail
xhjjiedian.com,https://,0,Success
archivioctt-61aad6.gitlab.io,https://,0,Success
77.183.184.254,None,0,Fail
mcp.so:2082,None,0,Fail
wiki.futo.org,https://,0,Success
stage-reboot.votre-objet.com,https://,0,Success
52.58.80.12,None,0,Fail
blog.developer.bazaarvoice.com,https://,0,Success
270376.xyz,https://,0,Success
blog.shinki.net,https://,0,Success
jddyzh.1642190428.ggff.net,https://,0,Success
blog.dreamsofcode.io,https://,0,Success
pxx.pp.ua,https://,0,Success
docs.warlot.xyz,https://,0,Success
composer.quiqqer.com,https://,0,Success
docs.clearproxy.io,https://,0,Success
everyone.emby7772.dpdns.org,None,0,Fail
prepare.sh,None,0,Fail
eli5dev.tech,https://,0,Success
sublink.junziguozi.cc,None,0,Fail
zulip.readthedocs.io,https://,0,Success
store.jmxts.top,https://,0,Success
176.9.139.46:8007,None,0,Fail
78.54.85.36,https://,0,Success
176.9.139.46:8012,None,0,Fail
154.37.222.121,http://,0,Success
aiscreener.cutshort.io,https://,0,Success
upterm.dev,None,0,Fail
elsesiy.com,https://,0,Success
95.130.84.19,None,0,Fail
sublink.lovesummer.ggff.net,https://,0,Success
vvp.lookkk.top,None,0,Fail
zqcqy.brandon-cqyzq.top,https://,0,Success
sublink.012329.xyz,https://,0,Success
testdev.deltaweb.cz,https://,0,Success
zh.608502.xyz,https://,0,Success
www.trimm2.benes-michl.cz,None,0,Fail
jeamlee.523860.xyz,https://,0,Success
sublink.hilaotie.eu.org,https://,0,Success
avi.io,https://,0,Success
543083.xyz:2052,http://,0,Success
kmg.jagdterrier.sk,None,0,Fail
testpro.aiwvx.me,None,0,Fail
spy.hibuno.com,https://,1,Success
fl.namewee.xyz,https://,0,Success
jevrej.cz,None,0,Fail
worker.eastls.com,https://,0,Success
static.runit.ai,https://,0,Success
sub.8119120.xyz,https://,0,Success
litecointalk.io,https://,0,Success
asternight.site,https://,0,Success
158.69.226.125,None,0,Fail
73h.de,https://,0,Success
easyselfhost.com,https://,0,Success
apidocs.shift72.com,https://,0,Success
infrabase.ai,https://,0,Success
igor.monksofcool.org,https://,0,Success
william278.net,https://,0,Success
trimm2.benes-michl.cz,None,0,Fail
petrosyan.website,https://,0,Success
mattslifebytes.com,https://,0,Success
electrocucaracha.com,https://,0,Success
128.163.202.77:8080,None,0,Fail
app.claritybusinesssolutions.ca,https://,0,Success
vermwa.re,https://,0,Success
sub.sendigo.me,None,0,Fail
k8s.kurl.sh,https://,0,Success
sl.rdn.us.kg,https://,0,Success
blog.makeall.dev,https://,0,Success
dev.buzzing.cc,https://,0,Success
www.petrosyan.website,https://,0,Success
www.igor47.com,https://,0,Success
www.kudetin.com,https://,0,Success
borg-net.cc,https://,0,Success
vmess.hunao.xyz,https://,0,Success
157.90.155.160:5002,http://,0,Success
dev.tools,https://,0,Success
78.47.106.230:8009,http://,0,Success
clash-for-windows.cc,https://,0,Success
46.101.80.39:3001,http://,0,Success
sub.121409.xyz,https://,0,Success
blog.edwardsnjd.com,https://,0,Success
65.108.90.96:3002,http://,0,Success
clashedge.com.cn,None,0,Fail
cyberveille.decio.ch,https://,0,Success
gitforgits.com,None,0,Fail
web.dvorak-trucks.cz,https://,0,Success
sub.lualu.pp.ua,https://,0,Success
eyeweb.eyepreview.co.uk,None,0,Fail
sbox.dpdns.org,https://,0,Success
n.parsam-co.ir,https://,0,Success
subn.wangju.me,https://,0,Success
cyberveille.decio.eu,https://,0,Success
www.wepcc.net,None,0,Fail
wepcc.net,None,0,Fail
subw.zbb25.filegear-sg.me,https://,0,Success
ypg.dpdns.org,https://,0,Success
davidv.dev,https://,0,Success
sub2.403333.xyz,https://,0,Success
web.mediafairy.site,None,0,Fail
blog.de.davidv.dev,https://,0,Success
89.12.225.89,None,0,Fail
dyzh.n0va.sbs,https://,0,Success
fliter.970216.xyz,None,0,Fail
sub.feiyuren.top,https://,0,Success
remcokersten.nl,https://,0,Success
blog.tx.davidv.dev,https://,0,Success
78.54.183.200,None,0,Fail
mastercheck.hopo.online,http://,0,Success
sublink.bvac.online,https://,0,Success
93.128.130.252,None,0,Fail
resources-github.cnmirror.me,None,0,Fail
www.cnbeining.com,https://,0,Success
sub.xixi.day:2083,None,0,Fail
sqr-006.lsst.io,https://,0,Success
icy-fire-86d1.method13.eu.org,https://,0,Success
yaml.uk,None,0,Fail
admin.yaml.uk,None,0,Fail
77.11.4.93,None,0,Fail
free.itsopenai.com,None,0,Fail
zh.241226.xyz,None,0,Fail
qifei.618123.filegear-sg.me,https://,0,Success
nevis-cust.dev.maxifi.net,https://,0,Success
164.92.178.102:8000,None,0,Fail
free.itsopenai.com:2096,None,0,Fail
blog.sg.davidv.dev,https://,0,Success
convert.levan.dpdns.org,https://,0,Success
zh.241226.xyz:8443,None,0,Fail
access-sds.ccs.uky.edu:8080,None,0,Fail
159.89.213.141:8000,None,0,Fail
9.king98.ggff.net,None,0,Fail
mijoker.com,https://,0,Success
motowilliams.com,https://,0,Success
magnetic.zakan.eu.org:2082,http://,0,Success
sub.ikuai.gq,https://,0,Success
clashproxy.com.cn,None,0,Fail
sb.liangji.eu.org,None,0,Fail
zh.128128.best,https://,0,Success
iptools2.662201.xyz,https://,3,Success
web.garaaa.biz.id,https://,6,Success
platmobilem.wboy.cz,https://,0,Success
tro.yyhub.xyz,https://,0,Success
slides.kubernetesmastery.com,https://,0,Success
v2.yfjc.my,https://,0,Success
dyg8g.fansgaoguo101.top:8080,http://,0,Success
clash-meta.com.cn,https://,0,Success
sublink.822202.xyz:8443,https://,0,Success
z.zxr.ddns-ip.net,https://,0,Success
magnetic.zakan.eu.org,https://,0,Success
sub.091014.xyz,None,0,Fail
sublink.xubin.org,https://,0,Success
146.190.162.116:8013,None,0,Fail
213.176.92.74,None,0,Fail
learnspace.blog,https://,3,Success
sublink.yixiu520.com,None,0,Fail
vfw.alfun.ir,https://,0,Success
190.92.151.20:8447,https://,0,Success
a.2584.me,https://,0,Success
ir.tedk.pp.ua,https://,0,Success
sublink.acezy.top,None,0,Fail
read.limboy.me,https://,0,Success
www.examineeverything.org,https://,0,Success
v2x-lnts-2025.xueersi.team,https://,0,Success
sublink.822202.xyz,https://,0,Success
sublink-worker.sunyao.eu.org,https://,0,Success
www.learnspace.blog,https://,3,Success
107.182.16.81:4432,https://,0,Success
nav.lvdpub.com,None,0,Fail
devshokolad.farm.u4et.ru,None,0,Fail
www.dasta.cz:8012,None,0,Fail
dasta.cz:8012,None,0,Fail
quietpluto.dpdns.org,https://,0,Success
150.230.123.47:8036,http://,0,Success
270376.xyz:2095,http://,0,Success
paamiut.p-wave.stani.dev,None,0,Fail
sublink.insire.cn,https://,0,Success
lsnb.dpdns.org,https://,0,Success
sub.brisk.dpdns.org,http://,0,Success
forum.fuel.network,https://,0,Success
proxy.netlab.dpdns.org,https://,0,Success
converter.mosyaf.web.id,https://,0,Success
serverdevworker.com,https://,0,Success
api.sdworx.com,None,0,Fail
sublink.ddqq.fun,https://,0,Success
sublink.junziguozi.cc:2087,None,0,Fail
sub.vip.fengm.ing,None,0,Fail
1bcxvbtmgjf94hmrq01g.extrabet2043.com,None,0,Fail
residit.com:8012,None,0,Fail
sublink.oosz.nyc.mn,https://,0,Success
vpnsub.dpdns.org,https://,0,Success
develop.cdgplus.persistent-ar.a-ll.tech,None,0,Fail
links.topgit.us,https://,0,Success
ding.orzorg.eu.org,https://,0,Success
dingyuezhaunghuan.popularmovie.eu.org,https://,0,Success
prodot.preview.ideacloud.cz,None,0,Fail
fastly.p1.s3.g3.bazicenterr.de,http://,0,Success
docs.vod-monitor.ssimwave.com,https://,0,Success
p1.s3.g3.bazicenterr.de,http://,0,Success
cursorrules.io,https://,0,Success
h.vpss.my,None,0,Fail
linx.balik.network,https://,0,Success
simonprickett.dev,https://,0,Success
panel.gulapasir.dpdns.org,None,0,Fail
updatater.subscribe-backend.1262345934252024.cn-hangzhou.fc.devsapp.net,https://,0,Success
mi.gup.qzz.io,https://,0,Success
s3.g3.bazicenterr.de,http://,0,Success
mock.insomnia.rest,https://,0,Success
ads.ruangguru.com.vip.gulapasir.dpdns.org,None,0,Fail
be-test.expanzor.cz,https://,0,Success
135.125.207.117:10094,None,0,Fail
a.clashboost.com.cn,None,0,Fail
sub.soosv.ggff.net,https://,0,Success
blog.sushiroll.co.id.vip.gulapasir.dpdns.org,None,0,Fail
quiz.int.vidio.com.vip.gulapasir.dpdns.org,None,0,Fail
proxy.377386.xyz,https://,0,Success
cf-worker-mihomo.861314520.xyz,None,0,Fail
b.clashboost.com.cn,None,0,Fail
ding.orzorg.eu.org:2087,https://,0,Success
www.bestofthemcp.com,https://,0,Success
ww.wfn909.dpdns.org,https://,0,Success
sub.chie4.com,https://,0,Success
g3.bazicenterr.de,http://,0,Success
clashx-pro.com,https://,0,Success
a.mock.insomnia.rest,https://,0,Success
clashboost.com.cn,None,0,Fail
offsec.tools,https://,0,Success
www.residit.com:8012,None,0,Fail
c.3d-lab.pl,None,0,Fail
sub.ooxx.pp.ua,https://,0,Success
www.c.3d-lab.pl,None,0,Fail
b.mock.insomnia.rest,https://,0,Success
82.66.24.76:4321,None,0,Fail
dbaman.com,https://,0,Success
mcp.so:2083,None,0,Fail
clashxi1.com,https://,0,Success
docs.vulncheck.com,https://,0,Success
api.midtrans.com.vip.gulapasir.dpdns.org,None,0,Fail
dy.cdny.dpdns.org,None,0,Fail
123.194.28.6:7861,None,0,Fail
154.56.121.167,None,0,Fail
hamidza.re,https://,0,Success
sub.mihomo.545024.xyz,https://,0,Success
convert.zonic.cn,https://,0,Success
sub.mpflife.life,https://,0,Success
www.openvalue.blog,https://,0,Success
ub.zdth7tog.dpdns.org,None,0,Fail
link.889456.xyz,https://,0,Success
ariza.re,https://,0,Success
ava.game.naver.com.vip.gulapasir.dpdns.org,None,0,Fail
ntwgagqr2evizo7bs-63dd1a86fac45963a7528973.labs.strigo.io:8888,None,0,Fail
review-rvs-442-ctxpec.app.review.railvis.net,https://,0,Success
techstadt.de,https://,0,Success
claudecode.io,https://,0,Success
maven.fabric8.io,None,0,Fail
blog.nife.io,https://,0,Success
fish-audio.proxy.yby.zone,https://,0,Success
ariza.re:8443,https://,0,Success
insectmk.cn,https://,0,Success
sublink.jjxr.tk,None,0,Fail
sublink.ov0.me,https://,0,Success
demo-pimcore.jakala.dev,https://,0,Success
nihl.nl,None,0,Fail
eacademy.smals.be,https://,0,Success
sub.fengm.ing,None,0,Fail
sub.222543.xyz:8443,https://,0,Success
sublink.domstory.online:8443,https://,0,Success
www.sportivepresto.club,https://,0,Success
sublink.kedr.cc,https://,0,Success
hdsjkfhksjdfh.gugugu774.ggff.net,None,0,Fail
35.156.106.187,None,0,Fail
xyzen.de,None,0,Fail
sublink.domstory.online,https://,0,Success
45.33.99.74,None,0,Fail
43.251.226.170,None,0,Fail
energyhorizons.com:3003,http://,0,Success
devpedia.dev,None,0,Fail
change.techfone.top,https://,0,Success
www.nihl.nl,None,0,Fail
sublink.maple.nyc.mn,None,0,Fail
www.doch.lucianzeman.cz,None,0,Fail
sub.yyyyzw.me,https://,0,Success
www.der-alex.com,https://,0,Success
116.203.62.130,None,0,Fail
awesomejava.resamvi.io,https://,0,Success
sublink.543083.xyz,https://,0,Success
shop.dev01.infiniti-vidi.com.ua,None,0,Fail
sub.222543.xyz,https://,0,Success
www.resume.mylespetersen.com,https://,0,Success
47.113.225.35,None,0,Fail
so.mcpserver.xin:2052,http://,0,Success
sub.kingssuny.top,https://,0,Success
thraxil.org,https://,0,Success
generator-clash.cloudworks.my.id,https://,0,Success
www.100xgj.com,https://,0,Success
www.mcitpguides.com,https://,0,Success
blog.orkva.com,https://,0,Success
dy.5885116.xyz,https://,0,Success
t.jss123.dpdns.org,None,0,Fail
sub.kuluomi.store,https://,0,Success
www.thraxil.org,https://,0,Success
78.47.106.230:8012,None,0,Fail
sublink.iaikx.top,https://,0,Success
dy.5885116.xyz:8080,http://,0,Success
dgital.com,https://,0,Success
so.mcpserver.xin,https://,0,Success
45.78.50.118:8888,http://,0,Success
www.clashx-pro.com,https://,0,Success
generator-prince.cloudworks.my.id,https://,0,Success
sub.oxiilo.com,https://,0,Success
mi.522400.xyz,https://,0,Success
167.235.138.235:8802,http://,0,Success
config.222543.xyz,https://,0,Success
markvisperas.com,https://,1,Success
dj.lostwithin.live,https://,0,Success
270376.xyz:2096,https://,0,Success
ntc-party.s7l.ru,None,0,Fail
www.dgital.com,https://,0,Success
91.134.44.43:3002,http://,0,Success
subw.kpt.pp.ua,https://,0,Success
resume.test.raymondloman.nl,https://,0,Success
sublink.7788990.xyz,https://,0,Success
dh.qqsea.top,https://,0,Success
mindflow.vvvv.ee,https://,0,Success
themca.onderconstructie.be,https://,0,Success
sublink.36774225.xyz,https://,0,Success
smarttechhacks.com,https://,0,Success
stream-ondemand.docs.sct.imax.com,https://,0,Success
www.themca.onderconstructie.be,https://,0,Success
zlatysystem.tondajehlar.cz,https://,0,Success
dy.yzh1225.dpdns.org,https://,0,Success
www.sharedeepresearch.ai,https://,0,Success
sublink.zyt996.dpdns.org,https://,0,Success
stage.fe.ck2.cz,https://,0,Success
review-rvs-496-ikzjtp.app.review.railvis.net,https://,0,Success
openvalue.blog,https://,0,Success
www.cloudguardrails.com,https://,0,Success
cr.residit.com,http://,0,Success
domecovo.madadrop.space,None,0,Fail
cursor.directory,https://,0,Success
pyproxy.remote-cat.net,https://,0,Success
176.9.139.46:8011,None,0,Fail
www.jimweller.com,https://,0,Success
rocketengineers.io:8080,http://,0,Success
www.bazicenterr.de,http://,0,Success
jimweller.com,https://,0,Success
urltm1703512276.jobotedev.com,None,0,Fail
123.194.28.6:7860,None,0,Fail
mcpgluon.com,https://,0,Success
crates-io.ganymede-static.progval.net,https://,0,Success
mail.jimweller.com,https://,0,Success
oracle.810611.xyz,https://,0,Success
sublink.wind0620.top,https://,0,Success
fclax.888161.xyz,https://,3,Success
www.jimweller.jimweller.net,https://,0,Success
dingyuezhuanghuan.312116098.xyz,https://,0,Success
bom.bombom.fun,None,0,Fail
ssmods.com,https://,0,Success
golang.howtos.io,https://,0,Success
xsxinghen.jddns.icu,None,0,Fail
bom.bombom.fun:8080,None,0,Fail
freestuff.dev,https://,0,Success
108.128.36.115:3002,None,0,Fail
sharedeepresearch.ai,https://,0,Success
stage.eca.ck2.cz,https://,0,Success
91.134.10.162:3002,http://,0,Success
www.weworkjs.com,https://,0,Success
jimweller.jimweller.net,https://,0,Success
ai.webmex.cz,None,0,Fail
changelog.openxai.org,https://,0,Success
cbvpp.lawrencekentucky.com,https://,0,Success
staging.persistent-ar.a-ll.tech,None,0,Fail
digpangolin.substack.com,None,0,Fail
blog.yeshimin.com,https://,0,Success
80.79.31.102,None,0,Fail
sublink.810628.xyz,https://,0,Success
xu.xuxiangling.ggff.net,https://,0,Success
workfromhomern.com,https://,0,Success
egern-ios.soft112.com,https://,0,Success
dy.shadiaodonghua.top:2052,None,0,Fail
staging.persistent-ar.a-ll.ch,None,0,Fail
www.workfromhomern.com,https://,0,Success
dy.dagongshanjihaishi.ggff.net,https://,0,Success
yy.8555817.xyz,https://,0,Success
jobs.teamstation.dev,https://,0,Success
data-creamre.direct.quickconnect.to,https://,0,Success
zh.clashop.net.cn,None,0,Fail
lovera.coffee,https://,0,Success
h.vpsq.fun,None,0,Fail
blog.rustle.cc,None,0,Fail
109.176.19.16:8000,None,0,Fail
sub.backdd.eu.org,https://,0,Success
80aec5da-e40c-438b.79702701.xyz,https://,0,Success
mihomo.iori2.pp.ua,None,0,Fail
h.bbpp.us,https://,0,Success
sublink.251108373.xyz,https://,0,Success
blog.blackair.io,https://,0,Success
blog.choppa.xyz,https://,0,Success
wgchen.ggff.net,None,0,Fail
aup.198965.xyz,https://,0,Success
terte.azhouge1688.top,None,0,Fail
api.mlkings.cz,None,0,Fail
rishikumar.in,https://,0,Success
blog.davidv.dev,https://,0,Success
swisspush.org,https://,0,Success
sub.bluexin.top,https://,0,Success
sub.b8d.top:2053,https://,0,Success
api.caraplasma.cz,None,0,Fail
www.vibestack.io,None,0,Fail
sub.wangshui898.top,None,0,Fail
mail.thedressprague.com,None,0,Fail
yyf.pp.ua,https://,0,Success
sub.600755.xyz:2053,https://,0,Success
54.77.247.3:3000,None,0,Fail
dy.darkyami.ggff.net,https://,0,Success
configlm.moe,https://,0,Success
www.promptpad.directory,https://,0,Success
yalatifyakarimyaallahyarabyabasiryahaghshokretgod.ostadkam.ir,None,0,Fail
sub.a.theyangdandanllicongcong0912.top,None,0,Fail
sub.cndssteel.com,https://,0,Success
sub.1180917.xyz,https://,0,Success
smarthomeundmore.de,https://,0,Success
lsdl.805405.xyz,None,0,Fail
dvornik.idop.cz,https://,0,Success
mats.coffee,https://,0,Success
gec.dev,https://,0,Success
service.coprocessor.valence.zone,None,0,Fail
543083.xyz:2083,https://,0,Success
dify.tavan.cloud:8880,None,0,Fail
sub.877658545.xyz,https://,0,Success
deusyu.app,https://,0,Success
77.183.78.147,None,0,Fail
www.fastcinemadng.com,https://,0,Success
domain.etyka.cz,https://,0,Success
v.selfhost-hub.com,None,0,Fail
sublink.japanxxx.ggff.net,https://,0,Success
www.hack4.net,https://,0,Success
lucky.qwpolucky.sbs,None,0,Fail
predictionmarkets.directory,https://,0,Success
sublink.dekezh.xyz,https://,0,Success
ntc-v4.whoislink.ru,None,0,Fail
zhuanhuanjiedian.xykj.art,https://,0,Success
zgd.woka1.top,https://,0,Success
chgg.clockgg.com,http://,0,Success
metase.cc,https://,0,Success
www.fieldflow.dev,https://,0,Success
mi.tbvless.top,https://,0,Success
bitscorp.co,https://,0,Success
uppdrag.interagent.se,https://,0,Success
hjh.devsnips.nl,https://,0,Success
zh.9916.eu.org,https://,0,Success
sub1.50kg.qzz.io,None,0,Fail
148.135.184.102,None,0,Fail
devsnips.nl,https://,0,Success
090401.xyz,https://,0,Success
sublink.akexandwang.link,https://,0,Success
a.rjdsq.xyz,None,0,Fail
dev.tisknuprojekty.cz,https://,0,Success
vp.skypapasrv.work,https://,0,Success
www.snapix.space,https://,0,Success
ml.clausware.de,None,0,Fail
valtickavina.cz,https://,0,Success
vpsir.devopssys.ir,None,0,Fail
dev.edufico.cz,https://,0,Success
clashhub.net,https://,0,Success
122.234.19.245:3071,None,0,Fail
zotero.cs.uni-paderborn.de,https://,0,Success
litacka.mccdev.site,https://,0,Success
openwebui.cn,https://,0,Success
doc.jsq.mk,https://,0,Success
market-mcp.com,https://,0,Success
sub.hago.nyc.mn:2086,http://,0,Success
ecommerce.bepositive.cz,https://,0,Success
doc.zy.mk,https://,0,Success
18.202.172.152:3000,None,0,Fail
sublink.113121.xyz,None,0,Fail
busstage.arit.cz,https://,0,Success
mjhbf.seherelayyah.com,https://,0,Success
voapi.moxiaoying.top,https://,0,Success
davidscode.com,https://,0,Success
sub.fit2.fun,https://,0,Success
sub.msdnbk.vip,https://,0,Success
g-tulip.net,None,0,Fail
pav.merakistudios.dev,None,0,Fail
www.g-tulip.net,None,0,Fail
www.cursordirectory.com,None,0,Fail
zh.mingge886.pics,https://,0,Success
osbapi.liip.ch,https://,0,Success
forum.projecthax.com,https://,0,Success
schemas.thefastlayne.net,https://,0,Success
www.bitscorp.co,https://,0,Success
test-oracle-sync.estone.cz,https://,0,Success
bitfetcher.io,https://,0,Success
admin.thedressprague.com,None,0,Fail
www.tooltee.com:8003,None,0,Fail
dohled.ilplatform.cz,None,0,Fail
api.osynic.moe,https://,0,Success
ntc.party,None,0,Fail
www.rehanvdm.com,https://,0,Success
78.54.175.241,None,0,Fail
test-click.bbraunweb.cz,None,0,Fail
aquilax.mintlify.app,https://,0,Success
test.ecms-admin.vyvijime.eu,https://,0,Success
dev-docs.ioconnectservices.com,https://,0,Success
52.19.180.21:3000,None,0,Fail
jywpu.jiangshanduojiao.com,https://,0,Success
61.244.251.118:7860,http://,0,Success
allauppdrag.se,https://,0,Success
hauis-it-consulting.com,https://,0,Success
roadmap.boit.uk,https://,0,Success
www.latam-dev.com,https://,0,Success
jik.volerix.net,None,0,Fail
193.111.77.62:5000,None,0,Fail
demo.inventuro.sk,None,0,Fail
keunlas.net,None,0,Fail
www.6jtw1rs.cn,https://,0,Success
www.roadmap.boit.uk,https://,0,Success
coprocessor.staging.valence.zone,None,0,Fail
osb-api.ecolabor.ch,https://,0,Success
btsp0cxqtzg2de.path99.com,None,0,Fail
6jtw1rs.cn,https://,0,Success
alicia.as93.net,https://,0,Success
devopsnexa.dev,https://,0,Success
te221.dev.maxifi.net,https://,0,Success
test.ecms-api.vyvijime.eu,None,0,Fail
pri.meight.com,https://,0,Success
direct.ourvirtualhomeservermanager.info,None,0,Fail
77.183.3.171,https://,0,Success
www.rychlik-01.dev.maxifi.net,https://,0,Success
213.111.143.186,None,0,Fail
strasne-dlouh-01.dev.maxifi.net,https://,0,Success
clashforandroid.xyz,None,0,Fail
novytenant-01.dev.maxifi.net,https://,0,Success
l422y.com,https://,1,Success
sublink.blog.vg,https://,0,Success
209.141.54.128:3000,None,0,Fail
rychlik-01.dev.maxifi.net,https://,0,Success
api-cpanel.kalamatik.com,https://,0,Success
sandbox-01.dev.maxifi.net,https://,0,Success
edgarcocco.com,https://,0,Success
blog.defun.work,None,0,Fail
html-to-pdf-img.vs-point.dev,https://,0,Success
docs.stepci.com,https://,0,Success
34.251.46.3:3002,None,0,Fail
52.53.49.102,None,0,Fail
obsidian-rank.bovsky.com,https://,0,Success
11.239000.xyz,https://,0,Success
community.easihub.com,https://,0,Success
weixin.m.motiontek.cn,None,0,Fail
116.203.62.130.sslip.io,None,0,Fail
writeups.skillissues.click,https://,0,Success
54.217.155.230:3000,None,0,Fail
thebsdbox.co.uk,https://,0,Success
luzixu.geskj.com,https://,0,Success
code-kb.rencore.com,https://,0,Success
www.vpn6.eu,None,0,Fail
kekeros.chickenkiller.com,None,0,Fail
3.137.181.65,None,0,Fail
llvm-compile-time-tracker.com,https://,0,Success
mocha.node.org.cn,https://,0,Success
vpn6.eu,None,0,Fail
ttrr.dashtsefid.com,None,0,Fail
memezilla.com,None,0,Fail
market.dify.immusician.com,http://,0,Success
sub.yyyyzw.me:2087,None,0,Fail
18.133.193.159:443,None,0,Fail
www.freshrss.cn,https://,0,Success
www.dbaman.guru,https://,0,Success
81.34.36.205,None,0,Fail
45.89.52.6,None,0,Fail
www.oks-web-stage.hintik.cz,http://,0,Success
45.138.99.116,None,0,Fail
brbrpatapim.ru,https://,0,Success
dingyuezhuanhuan.alibaba.dns-dynamic.net,https://,0,Success
38.47.108.116,None,0,Fail
18.191.150.187,None,0,Fail
dbaman.guru,https://,0,Success
taxy.dev,https://,0,Success
notes.generalzero.org,https://,0,Success
nezn.am,https://,0,Success
clash.bcvvca.cn,None,0,Fail
173.242.117.110,None,0,Fail
114.32.33.185:19478,http://,0,Success
128.140.6.212,None,0,Fail
www.gahlnbaeck.de,https://,0,Success
ban.adsystem.work,None,0,Fail
23.94.122.6,None,0,Fail
chat.mcp.so,None,0,Fail
base.getoutpost.app,None,0,Fail
dify-marketplace.baijia.com,https://,0,Success
sp.hotrue.cc,https://,0,Success
77.183.62.178,None,0,Fail
213.108.199.151,None,0,Fail
0den.cyberm.ca,https://,0,Success
152.53.15.249:3000,None,0,Fail
2.245.42.123,None,0,Fail
payment.dargslan.com,None,0,Fail
31.59.170.53:8080,None,0,Fail
150.241.69.95,None,0,Fail
193.56.135.171,None,0,Fail
babaganush.duckdns.org,https://,0,Success
dailyrefactor.com,https://,0,Success
164.92.83.199,None,0,Fail
78.54.159.41,None,0,Fail
45.159.149.183,None,0,Fail
18.212.130.247,None,0,Fail
54.37.131.22,None,0,Fail
77.183.187.241,None,0,Fail
3.144.254.7,None,0,Fail
81.35.35.27,None,0,Fail
89.12.11.97,None,0,Fail
64.49.46.96:8443,None,0,Fail
38.60.223.86:8080,None,0,Fail
3.15.0.154,None,0,Fail
62.60.156.78,None,0,Fail
203.174.83.73:8443,None,0,Fail
toptracing.com,https://,0,Success
2.245.29.95,None,0,Fail
38.60.223.86:2082,None,0,Fail
93.128.27.116,None,0,Fail
talentz-api.staging.kubernetes.pwstaging.tech,None,0,Fail
81.34.42.163,None,0,Fail
sb.amwso.me,None,0,Fail
test.bitcoinmat.org,None,0,Fail
103.161.35.92:8081,None,0,Fail
161.35.83.92,None,0,Fail
147.228.173.89,None,0,Fail
2.245.60.47,None,0,Fail
3.81.35.49:8080,None,0,Fail
77.11.1.214,None,0,Fail
64.49.46.97,None,0,Fail
www.thinksky.com,None,0,Fail
asdf.h4ck.me,None,0,Fail
212.27.205.230:8085,None,0,Fail
77.11.179.255,None,0,Fail
64.49.46.96,None,0,Fail
6b9357dc.chickenkiller.com,None,0,Fail
52.52.85.14,None,0,Fail
23.150.33.172,None,0,Fail
dl.jcvps.sbs,None,0,Fail
piwheels.cloudw233.uk,https://,0,Success
120.6.2.190:8001,None,0,Fail
89.12.219.249,None,0,Fail
156.236.31.109,None,0,Fail
thinksky.com,None,0,Fail
umlxw.aycgu.com,http://,0,Success
38.247.80.54,None,0,Fail
converter.srpcom.online,None,0,Fail
198.251.78.98,None,0,Fail
awesome-go.com,https://,0,Success
sub.narratorz.cfd,None,0,Fail
212.193.4.116,None,0,Fail
azizbarfi.shop,None,0,Fail
hnde.iamhoshi.com,None,0,Fail
91.107.244.165,http://,0,Success
156.231.141.64,None,0,Fail
sublink.bwwit.com,None,0,Fail
cov.61666.top,None,0,Fail
203.174.83.73,None,0,Fail
163.182.35.32:5001,None,0,Fail
185.219.18.220,None,0,Fail
78.47.18.122,None,0,Fail
oks-web-stage.hintik.cz,None,0,Fail
pypi.mirror.ni.sb,https://,0,Success
89.12.199.119,None,0,Fail
84.200.205.9,None,0,Fail
marketplace.kanchai.ren,None,0,Fail
77.183.148.54,None,0,Fail
38.60.248.181,None,0,Fail
93.128.36.107,None,0,Fail
89.12.203.33,None,0,Fail
magic.ai-yy.com,None,0,Fail
eshmit.dosorkhan.xyz,None,0,Fail
52.91.205.234:8080,None,0,Fail
207.154.204.161,None,0,Fail
coffe.hiddin.sbs,None,0,Fail
pve.dev,https://,0,Success
45.14.245.52,https://,0,Success
clash.znlehw.cn,https://,0,Success
134.209.28.89,None,0,Fail
planet5.cat-v.org,https://,0,Success
123.56.18.239,None,0,Fail
shoping.aidanwilson.com,None,0,Fail
mochajs--org--0505jqtf8d082.wsipv6.com,None,0,Fail
8.210.128.101,None,0,Fail
news.samnas.fr,https://,0,Success
152.42.174.19,None,0,Fail
91.107.151.76,None,0,Fail
81.28.5.28,None,0,Fail
py.5333335.xyz,https://,0,Success
38.54.32.93,None,0,Fail
54.159.131.171:8080,None,0,Fail
nas.haiqingd.top:3071,https://,0,Success
www.whoisyourboss.sbs,None,0,Fail
chcclink.top,https://,0,Success
community.mastershort.de,https://,0,Success
www.community.mastershort.de,https://,0,Success
res1marketplaced-o-tdigitaloceand-o-tcom.vcbrhtly.xyz,None,0,Fail
54.235.188.130,None,0,Fail
ai.vetassistant.shop,None,0,Fail
rule.002225.xyz,https://,0,Success
test.cloud-origin.com,https://,0,Success
curiosidadesdehackers.com,None,0,Fail
gov.jogfra.cn,https://,0,Success
carvel.dev,https://,0,Success
www.rogersoft.com,https://,0,Success
simulator.go-signs.org,https://,0,Success
www.otterize.com,https://,0,Success
www.govpn.cypherpunks.su,https://,0,Success
splat.thebsdbox.co.uk,https://,0,Success
devopscoaches.de,https://,0,Success
static.53.202.75.5.clients.your-server.de,None,0,Fail
awsnotes.andrewcho.xyz,https://,0,Success
residit.com:8000,None,0,Fail
hostmaster.plndr.io,https://,0,Success
world.crisp.help,https://,0,Success
a.bb.ccc.dddd.plndr.io,https://,0,Success
v3.docs.dynamic.xyz,https://,0,Success
209.38.216.200,None,0,Fail
207.154.245.180,None,0,Fail
193.108.116.83,None,0,Fail
89.107.60.103,None,0,Fail
89.12.252.191,None,0,Fail
206.190.232.18,None,0,Fail
216.24.190.236,None,0,Fail
91.216.104.8,None,0,Fail
45.59.120.95,None,0,Fail
78.54.74.123,None,0,Fail
157.230.197.189:8080,None,0,Fail
77.183.34.40,None,0,Fail
89.12.40.198,None,0,Fail
docs.portainer.io,https://,0,Success
moon.sungrass.space,None,0,Fail
44.222.67.1:8080,None,0,Fail
138.68.251.42:8080,None,0,Fail
185.229.225.154,None,0,Fail
www.cy-news.com,None,0,Fail
54.159.131.171,None,0,Fail
185.94.99.35,None,0,Fail
cy-news.com,None,0,Fail
bafybeib5zcsh6mwhz4htbdb4eabanjv62kkh7shtpnps7iziorpdudfxwy.ipfs.fleek.cool,None,0,Fail
bb.ccc.dddd.plndr.io,https://,0,Success
blog.plndr.io,https://,0,Success
news.vuejs.org,https://,0,Success
connect.podcastnetworksolutions.com,None,0,Fail
mockbin.octanner.io,https://,0,Success
wbsubdomain.a.bb.ccc.dddd.plndr.io,https://,0,Success
79.141.77.175,None,0,Fail
berian.simplematics.cz,https://,0,Success
assets.thebsdbox.co.uk,https://,0,Success
dddd.plndr.io,https://,0,Success
rogersoft.com,https://,0,Success
hpbup.zdhuamu.com,http://,0,Success
hcekb.theasicsshoes.com,https://,0,Success
ccc.dddd.plndr.io,https://,0,Success
director.tooltee.com:8000,None,0,Fail
te241.dev.maxifi.net,https://,0,Success
te185.dev.maxifi.net,https://,0,Success
te207.dev.maxifi.net,https://,0,Success
gjgvv.029zxgg.com,https://,0,Success
benchmarktools.presentations.cetic.be,https://,0,Success
efnjy.jiuhongwang.com,https://,0,Success
te200.dev.maxifi.net,https://,0,Success
digiblur.com:8443,https://,0,Success
projects-legacy.ez.no,http://,0,Success
wap.mgbgfd.cn,https://,0,Success
devolio.as93.net,https://,0,Success
rrrr.dev.maxifi.net,https://,0,Success
r3dhqfhqso3ilusl.anvil.app,https://,0,Success
tsd-01.dev.maxifi.net,https://,0,Success
jm.szsqyxh.com,http://,0,Success
te190.dev.maxifi.net,https://,0,Success
slightlybetter.eu,https://,0,Success
weblog.plexobject.com,https://,0,Success
te196.dev.maxifi.net,https://,0,Success
te208.dev.maxifi.net,https://,0,Success
te197.dev.maxifi.net,https://,0,Success
ghjghjghj.dev.maxifi.net,https://,0,Success
plna-palba-01.dev.maxifi.net,https://,0,Success
te218.dev.maxifi.net,https://,0,Success
dev.zalij.to,http://,0,Success
asfdds-sdfsd.dev.maxifi.net,https://,0,Success
mail.edspace.com,https://,0,Success
77.11.248.4,None,0,Fail
77.11.245.149,None,0,Fail
ggggg.dev.maxifi.net,https://,0,Success
tewsrgfbgfb-01.dev.maxifi.net,https://,0,Success
testovicsampl-01.dev.maxifi.net,https://,0,Success
jddy.bfpz.vip,https://,0,Success
xiaohuahuahuahuaclash.123499.xyz,https://,0,Success
78.54.223.119,None,0,Fail
54.242.130.80,None,0,Fail
15.204.164.40,None,0,Fail
3.85.240.193,None,0,Fail
3.85.240.193:8080,None,0,Fail
47.239.193.247,None,0,Fail
154.205.154.154,None,0,Fail
18.191.107.194,None,0,Fail
78.54.83.195,None,0,Fail
34.201.24.1:5000,None,0,Fail
81.34.49.245,None,0,Fail
15.235.185.242,None,0,Fail
test-iot-7-01.dev.maxifi.net,https://,0,Success
beta.airsoftmarket.cz,https://,0,Success
datasette--io--0505jqtea3c8b.wsipv6.com,None,0,Fail
8.216.32.130,None,0,Fail
vlessking.yiwending.top,https://,0,Success
stability-tes-01.dev.maxifi.net,https://,0,Success
www.tooltee.com:8002,None,0,Fail
naistest-alfa.movisio.com,https://,0,Success
webdisk.offroadchallenge.fun:8012,None,0,Fail
convert.ai85.com,https://,0,Success
gfhfghfgh.dev.maxifi.net,https://,0,Success
cpcontacts.tooltee.com:8002,None,0,Fail
cpcontacts.plndr.io,https://,0,Success
cdn-1.automationrhapsody.com,None,0,Fail
te226.dev.maxifi.net,https://,0,Success
te223.dev.maxifi.net,https://,0,Success
autodiscover.offroadchallenge.fun:8012,None,0,Fail
m.plndr.io,https://,0,Success
m.offroadchallenge.fun:8012,None,0,Fail
ae-redeploy02.dev.maxifi.net,https://,0,Success
cpcalendars.tooltee.com:8002,None,0,Fail
3.85.102.230,None,0,Fail
cdn-7.automationrhapsody.com,None,0,Fail
46.142.240.131:5555,None,0,Fail
zml-dashboard.online,None,0,Fail
81.35.34.199,None,0,Fail
18.226.96.135,None,0,Fail
webdisk.vpn6.eu,None,0,Fail
38.106.23.189,None,0,Fail
43.204.233.250,None,0,Fail
webdisk.beer30.org,http://,0,Success
34.227.108.54:8080,None,0,Fail
54.243.75.154,None,0,Fail
34.227.108.54,None,0,Fail
65.108.27.178:2095,None,0,Fail
www.rss.workingdirectory.net,https://,0,Success
47.239.96.159:3030,None,0,Fail
mockbin.bompotis.com,https://,0,Success
91.99.30.69,http://,0,Success
www.youguohui.cloud:3030,None,0,Fail
jiedian.thplcp.cn,http://,0,Success
cpcontacts.vpn6.eu,None,0,Fail
webmail.vpn6.eu,None,0,Fail
kompletest-01.dev.maxifi.net,https://,0,Success
cpcalendars.vpn6.eu,None,0,Fail
digiblur.com:2083,https://,0,Success
api.teconline-test.partnermb.cz,https://,0,Success
dyzh2.151097.xyz,https://,0,Success
www.offroadchallenge.fun:8012,None,0,Fail
ae-redeploy01.dev.maxifi.net,https://,0,Success
m.ledobrazovky.cz:443,http://,0,Success
autodiscover.vpn6.eu,None,0,Fail
cpcalendars.jezdinamol.cz:8002,http://,0,Success
tesak-01.dev.maxifi.net,https://,0,Success
cdn-3.automationrhapsody.com,None,0,Fail
computingstack.com,https://,0,Success
dy.225313.xyz,https://,0,Success
sublink.izual.win,http://,0,Success
webdisk.jezdinamol.cz:8002,http://,0,Success
sublink.2149555.xyz,None,0,Fail
cpcalendars.plndr.io,https://,0,Success
vosseburchttechblog.azurewebsites.net,https://,0,Success
webdisk.ledobrazovky.cz,http://,0,Success
cdn-6.automationrhapsody.com,None,0,Fail
blog.jonathanmarcil.ca,https://,0,Success
mail.vpn6.eu,None,0,Fail
autodiscover.plndr.io,https://,0,Success
m.ledobrazovky.cz,http://,0,Success
te180.dev.maxifi.net,https://,0,Success
cpcalendars.jezdinamol.cz:8012,None,0,Fail
sub.edproudcn.eu.org,https://,0,Success
smtp.plndr.io,https://,0,Success
cpcontacts.ledobrazovky.cz,http://,0,Success
smtp.ledobrazovky.cz,http://,0,Success
mtm2.dev.maxifi.net,https://,0,Success
te184.dev.maxifi.net,https://,0,Success
testtest.dev.maxifi.net,https://,0,Success
te192.dev.maxifi.net,https://,0,Success
testble.dev.maxifi.net,https://,0,Success
te194.dev.maxifi.net,https://,0,Success
testiot.dev.maxifi.net,https://,0,Success
super-tenant-01.dev.maxifi.net,https://,0,Success
www.vosseburcht.com,None,0,Fail
angrydevops.com,https://,0,Success
www.angrydevops.com,https://,0,Success
gggggggggg.dev.maxifi.net,https://,0,Success
jcxy.sanyu.ink,None,0,Fail
te198.dev.maxifi.net,https://,0,Success
webdisk.plndr.io,https://,0,Success
naubot.com,https://,0,Success
fdlme.com,https://,0,Success
te209.dev.maxifi.net,https://,0,Success
18.215.124.167,None,0,Fail
dfgdfg.dev.maxifi.net,https://,0,Success
cpanel.plndr.io,https://,0,Success
jmeno-tenanta-01.dev.maxifi.net,https://,0,Success
dfgdfgdfgddg-01.dev.maxifi.net,https://,0,Success
app.rocksgo.com,https://,0,Success
te205.dev.maxifi.net,https://,0,Success
www.primice-jenda.petrvich.eu,None,0,Fail
te225.dev.maxifi.net,https://,0,Success
www.chengzenghuan.asia,http://,0,Success
nchan.io,https://,0,Success
mail.plndr.io,https://,0,Success
cpanel.ledobrazovky.cz,http://,0,Success
autodiscover.ledobrazovky.cz,http://,0,Success
webmail.plndr.io,https://,0,Success
primice-jenda.petrvich.eu,None,0,Fail
iot-dev-vita0-06.dev.maxifi.net,https://,0,Success
joeloliveira.com,https://,0,Success
www.plndr.io,https://,0,Success
spotofdata.com,https://,0,Success
te186.dev.maxifi.net,https://,0,Success
novy-tenant-01.dev.maxifi.net,https://,0,Success
resume.jameslazo.com,https://,0,Success
www.thebsdbox.co.uk,https://,0,Success
haralduebele.blog,https://,0,Success
awesome-python.com,https://,0,Success
cpcalendars.jobotedev.com,None,0,Fail
uatap.shopups2.xyz,None,0,Fail
archive.adam-bien.com,https://,0,Success
18.194.48.10,None,0,Fail
sub.wangwango.me,None,0,Fail
11.godsaveme.us.kg,None,0,Fail
webmail.jobotedev.com,None,0,Fail
sub.ryan.edu.pl,None,0,Fail
mail.hirekrut.com,https://,0,Success
scfast.ggff.net,https://,0,Success
arizare.com,https://,0,Success
sublinkclashmeta.jaysongroup.top,https://,0,Success
dylj.zzzwz.cyou,https://,0,Success
rozek.tech,https://,0,Success
sub.kinglet.sbs,https://,0,Success
www.test.team4you.cloud,None,0,Fail
dy.zyc1994.us.kg,None,0,Fail
dy.ovpno.us.kg,None,0,Fail
preview.bitfetcher.io,https://,0,Success
www.i-love-software-engineering.de,None,0,Fail
webdisk.jobotedev.com,None,0,Fail
cpanel.jobotedev.com,None,0,Fail
api.acc.sdworx.com,None,0,Fail
m.jobotedev.com,None,0,Fail
subl.oavpn.us.kg,None,0,Fail
tinybrain.fans,https://,0,Success
sublink.zwt.one,https://,0,Success
zh.tudoutematou.win,https://,0,Success
test.team4you.cloud,None,0,Fail
sublink.jowfun.top,https://,0,Success
autodiscover.jobotedev.com,None,0,Fail
sublink.rjl.us.kg,None,0,Fail
man.arizare.com,https://,0,Success
sublink.genlv.top,https://,0,Success
subconvert.amy999.top,https://,0,Success
mliakos.dev,https://,0,Success
pb.hyperhedoniasn.me,None,0,Fail
cpcontacts.jobotedev.com,None,0,Fail
lsj.360832.xyz,None,0,Fail
sub-link.hololive.sbs,None,0,Fail
mail.sdefinitive.net,https://,0,Success
chen.liaoyangui123.top,None,0,Fail
sub.ecup.buzz,None,0,Fail
107.172.204.10.sslip.io,None,0,Fail
sublink.dockerx.me,https://,0,Success
kliro-187.k8stage.ulovdomov.cz,None,0,Fail
sub.pid.im,None,0,Fail
sub.9louyu.com,https://,0,Success
vps-2b14ad8a.vps.ovh.net,https://,0,Success
looa.us.kg,None,0,Fail
sub.wboo.nyc.mn,None,0,Fail
ttcc.cnqd.us.kg,None,0,Fail
sublink.nfsn666.eu.org,https://,0,Success
sub.2048996.xyz,https://,0,Success
mysub.20241019.xyz,https://,0,Success
sublink.mingfeather.top,https://,0,Success
kliro-189.k8stage.ulovdomov.cz,None,0,Fail
sub.xuanyu.news,https://,0,Success
dy.205619.xyz,https://,0,Success
zss.untara.sbs,None,0,Fail
sublink.mxzhang.com,https://,0,Success
sublink.gmljh.eu.org,https://,0,Success
sub.llwe.us.kg,None,0,Fail
www.staszek.xyz,None,0,Fail
mapi.dev-whoan.xyz,https://,0,Success
subconvert.luckyforrest.us.kg,None,0,Fail
www.kapresoft.com,https://,0,Success
clash.axfun.eu.org,https://,0,Success
cv.raymondloman.nl,https://,0,Success
vless2.pigbreeding.sbs,None,0,Fail
dj.shilun.us.kg,None,0,Fail
subcn.us.kg,None,0,Fail
www.pythonfixing.com,https://,0,Success
sub.baos.eu.org,None,0,Fail
get.insight.symfony.com,https://,0,Success
dingyue.86886888.xyz,None,0,Fail
api-maquette-preprod.univ-avignon.fr,None,0,Fail
sing.picknote.us.kg,None,0,Fail
m.njqbkt.cn,http://,0,Success
sub.forrestfu.xyz,None,0,Fail
bestsiteiranvfmrk.iabzari.ir,https://,0,Success
xxeasyflyers.simplematics.cz,None,0,Fail
play.weconvert.org,https://,0,Success
sublink.cola2high.tk,None,0,Fail
sk.dipsystem.picabotest.cz,https://,0,Success
dipsystem.picabotest.cz,https://,0,Success
sublink.suchen.win,None,0,Fail
kliro-185.k8stage.ulovdomov.cz,None,0,Fail
clash-for-windows.softmany.com,https://,0,Success
www.iamgini.com,https://,0,Success
away.nyc.mn,https://,0,Success
phpfui.com,http://,0,Success
clash.qianzhi.cc,https://,0,Success
newsublinkworker.us.kg,None,0,Fail
convert.ownc.us.kg,None,0,Fail
jactbb.dev,None,0,Fail
cdn.packages-drupal.it-consultis.net,https://,0,Success
www.m2m-dev.lipoelastic-garments.com,https://,0,Success
sublink.888679.xyz,https://,0,Success
panel.evamo.ir,https://,0,Success
36.24.215.184:5080,None,0,Fail
thraxil.fly.dev,https://,0,Success
sublink.kec.us.kg,None,0,Fail
sublink.8028.top,https://,0,Success
dj.k980.ggff.net,None,0,Fail
sub.818111.xyz,https://,0,Success
sublink-worker.akfla.us.kg,None,0,Fail
www.courtneyup.org,None,0,Fail
sublink.931212.xyz,None,0,Fail
kezhuanhuan1.zxjcgs147.us.kg,None,0,Fail
sun.manyue.us.kg,None,0,Fail
subwork.gostudy.ggff.net,None,0,Fail
test.ibistore.cz,https://,0,Success
subconvert.lianxiaoqi.us.kg,None,0,Fail
www.my.hirekrut.com,https://,0,Success
yjpyjpyjpclash.123499.xyz,https://,0,Success
dl.sahar.aa.am,None,0,Fail
jdzh.hrn.us.kg,None,0,Fail
122.51.56.169:5000,None,0,Fail
jianghua.us.kg,None,0,Fail
wacaixmot.vpn6.eu,None,0,Fail
62.194.253.226,None,0,Fail
hikeandlfy.krcek.info,None,0,Fail
18.192.56.238,None,0,Fail
mys.hirekrut.com,https://,0,Success
my.hirekrut.com,https://,0,Success
www.test.ibistore.cz,https://,0,Success
portainer-templates.octanewolf.app,https://,0,Success
abs.uskg001.us.kg,None,0,Fail
sublink-worker.38hse.cn,https://,0,Success
kliro-184.k8stage.ulovdomov.cz,None,0,Fail
www.hirekrut.com,https://,0,Success
sw.gztcode.us.kg,None,0,Fail
test.siub.us.kg,None,0,Fail
www.mys.hirekrut.com,https://,0,Success
125.118.190.225:5080,None,0,Fail
qifei.urpvsystem.eu.org,https://,0,Success
dk2022.v.dev74.andweb.cz,None,0,Fail
newsublinkworker.us.kg:2082,None,0,Fail
3.91.251.172:8888,None,0,Fail
sw.tosaki.cc,None,0,Fail
sub.watergun.sbs,None,0,Fail
jamph.ggff.net,https://,0,Success
m2m-dev.lipoelastic-garments.com,https://,0,Success
hs-test-01.dev.maxifi.net,https://,0,Success
101.132.151.50:3001,None,0,Fail
sublink.naymin.ggff.net,https://,0,Success
te210.dev.maxifi.net,https://,0,Success
testakpatkovi-01.dev.maxifi.net,https://,0,Success
oipt2-01.dev.maxifi.net,https://,0,Success
dingyue.aigg.eu,None,0,Fail
54.165.199.45:8888,None,0,Fail
dy.nshiroijima.filegear-sg.me,https://,0,Success
www.qiuyinvpn.org,https://,0,Success
flabhub.com,https://,0,Success
te189.dev.maxifi.net,https://,0,Success
docs.traffic.rankforge.io,None,0,Fail
iot-dev-vita0-02.dev.maxifi.net,https://,0,Success
dyzh.562487.xyz,https://,0,Success
subconvert.youyu03161.us.kg,None,0,Fail
34.130.42.244:5000,None,0,Fail
sub.naoh.win,https://,0,Success
www.remcokersten.nl,https://,0,Success
reeter-01.dev.maxifi.net,https://,0,Success
nilu.ali.aowdooli.asadgenakika.ir,None,0,Fail
testovaci-ten-01.dev.maxifi.net,https://,0,Success
zh.klngkongkong.top,None,0,Fail
zh.gongmu319.top,None,0,Fail
mcpdir.ai,None,0,Fail
staging.oopla.app,https://,0,Success
vyvoj.msslunicka.cz,https://,0,Success
elgunclash.123499.xyz,https://,0,Success
staging.obec-vranova.cz,https://,0,Success
www.vm-compile.fixlabs.cz,None,0,Fail
xy.xieyaoer.eu.org,https://,0,Success
sub.bbxy.xyz,https://,0,Success
sublink.xtra.eu.org,https://,0,Success
cdn-0.automationrhapsody.com,None,0,Fail
sub.bbxy.xyz:2096,https://,0,Success
xos.etisoftware.com,https://,0,Success
www.kube-vm.io,https://,0,Success
partners.keitaro.io,https://,0,Success
www.flabhub.com,https://,0,Success
wanxingmt.vpn6.eu,None,0,Fail
hngynqc.vpn6.eu,None,0,Fail
nas-testovaci.direct.quickconnect.to,https://,0,Success
te188.dev.maxifi.net,https://,0,Success
sesmgmt.isp.cz.net,None,0,Fail
sublink.kuggg.top,https://,0,Success
cf.sunflowerfa.cn,https://,0,Success
2071-shopwaredev-connectortest.e5j.de,None,0,Fail
eurocapsats2.test.digitalvillage.nl,None,0,Fail
search.binaergewitter.de,https://,0,Success
cursorcase.com,http://,0,Success
eurocapsats3.test.digitalvillage.nl,None,0,Fail
vaunaspada.babel.it,None,0,Fail
pluvial.xyz,https://,0,Success
124.static.gts.it-help.cz,https://,0,Success
hjkhjkh-01.dev.maxifi.net,https://,0,Success
review-rvs-489-4eb8qv.app.review.railvis.net,https://,0,Success
pok-us-grp.dev.maxifi.net,https://,0,Success
hahaha.dev.maxifi.net,https://,0,Success
is.tomp.eu,https://,0,Success
178.238.44.24:8153,None,0,Fail
nfe-test.dev.maxifi.net,https://,0,Success
sub.milkycat.eu.org,https://,0,Success
178.238.44.24:8155,None,0,Fail
puppetmaster.vpn6.eu,None,0,Fail
test.dev.maxifi.net,https://,0,Success
36.24.161.180:5080,None,0,Fail
hngynaqc.vpn6.eu,None,0,Fail
yong.yong8830.us.kg,None,0,Fail
iot-dev-vita0-04.dev.maxifi.net,https://,0,Success
101.132.151.50:3000,None,0,Fail
hongyuan.vpn6.eu,None,0,Fail
178.238.44.24:8154,None,0,Fail
cn.vpn6.eu,None,0,Fail
iotvitav112def.dev.maxifi.net,https://,0,Success
lg.wdlgs.us.kg,None,0,Fail
baukc0mm.vpn6.eu,None,0,Fail
iot-testing.dev.maxifi.net,https://,0,Success
dingyuezhuanhuan.freesoul.us.kg,None,0,Fail
35.82.16.94,None,0,Fail
52.83.77.2:3000,None,0,Fail
asset-packagist.it-consultis.net,https://,0,Success
blog.euce1.frbit.dev,None,0,Fail
34.150.232.195:5000,None,0,Fail
staging.yasharne.ir,None,0,Fail
lxjlhclbyqsm.xuweigang.us.kg,None,0,Fail
test-01.dev.maxifi.net,https://,0,Success
doc.haiqingd.top:8443,None,0,Fail
upgrade-test.dev.maxifi.net,https://,0,Success
www.haiqingd.top:8443,None,0,Fail
transfer.owenyang.us.kg,None,0,Fail
gffghfgh-01.dev.maxifi.net,https://,0,Success
iotvita110def.dev.maxifi.net,https://,0,Success
ae-redeploy00.dev.maxifi.net,https://,0,Success
iot-temp-01.dev.maxifi.net,https://,0,Success
147.45.255.154.sslip.io,None,0,Fail
sublink.qwe.pp.ua,None,0,Fail
iotvitav113def.dev.maxifi.net,https://,0,Success
composer.json.jolicode.com,https://,0,Success
sub.1113331.xyz,https://,0,Success
172839.xiong-er.top,None,0,Fail
sublink.xiebing.top,None,0,Fail
iot-dev-vita0-01.dev.maxifi.net,https://,0,Success
hs-test2.dev.maxifi.net,https://,0,Success
95.111.203.8:7654,None,0,Fail
te228.dev.maxifi.net,https://,0,Success
18.215.124.167:8080,None,0,Fail
pka-test-01.dev.maxifi.net,https://,0,Success
link.997998.xyz,https://,0,Success
makeprospect.com,None,0,Fail
automationrhapsody.com,https://,0,Success
iotvitav10ae.dev.maxifi.net,https://,0,Success
iotvitav08mo.dev.maxifi.net,https://,0,Success
proxy-sublink-converter.toay.io,https://,0,Success
te179.dev.maxifi.net,https://,0,Success
iotvitav08rc.dev.maxifi.net,https://,0,Success
fdgdfgdf.dev.maxifi.net,https://,0,Success
cv2.opendoor7468.ggff.net,https://,0,Success
te222.dev.maxifi.net,https://,0,Success
api.mubrno.cz,None,0,Fail
fghfgh-01.dev.maxifi.net,https://,0,Success
te229.dev.maxifi.net,https://,0,Success
te238.dev.maxifi.net,https://,0,Success
ghjhjg-01.dev.maxifi.net,https://,0,Success
blog.nevis-reg.dev.maxifi.net,https://,0,Success
3.79.239.60,None,0,Fail
sub.zhang122.us.kg,None,0,Fail
www.beta.airsoftmarket.cz,http://,0,Success
fgdg-01.dev.maxifi.net,https://,0,Success
budu-mazat-01.dev.maxifi.net,https://,0,Success
dfdfg-01.dev.maxifi.net,https://,0,Success
te231.dev.maxifi.net,https://,0,Success
sub.lizimu.us.kg,None,0,Fail
sublink.lxk.us.kg,None,0,Fail
sw.shuishui.us.kg,None,0,Fail
ztutzu-01.dev.maxifi.net,https://,0,Success
barom-01.dev.maxifi.net,https://,0,Success
sublink.hiehi.com,None,0,Fail
3.89.86.34,None,0,Fail
tesdsfgdfgfd.dev.maxifi.net,https://,0,Success
subconvert.gameni.top,None,0,Fail
trtuz.alevi-haberleri.com,None,0,Fail
te234.dev.maxifi.net,https://,0,Success
vpn.amigonet.cz,None,0,Fail
iot-vita-v1-0-01.dev.maxifi.net,https://,0,Success
relay.farseerfc.me:8888,http://,0,Success
aaa-01.dev.maxifi.net,https://,0,Success
dy.missyuyoyo.top,https://,0,Success
kamsar.net,https://,0,Success
te193.dev.maxifi.net,https://,0,Success
themobiapp.com,None,0,Fail
cb.yibanxing101.top,None,0,Fail
sbulink.czrmk.me,None,0,Fail
bep-test-01.dev.maxifi.net,https://,0,Success
packages-drupal.it-consultis.net,https://,0,Success
kpiko.chadsom.com,None,0,Fail
te261.dev.maxifi.net,https://,0,Success
www.thebootcampdirectory.com,None,0,Fail
ftp-drupal.it-consultis.net,https://,0,Success
ghghg-01.dev.maxifi.net,https://,0,Success
sub.airace.us.kg,None,0,Fail
iot-vita-v0-7-01.dev.maxifi.net,https://,0,Success
iot-01.dev.maxifi.net,https://,0,Success
dyscq.993474.xyz,http://,0,Success
sub.777726.xyz,None,0,Fail
egergerge.dev.maxifi.net,https://,0,Success
sublink.11335500.xyz,None,0,Fail
fghfghfhf.dev.maxifi.net,https://,0,Success
my2sublink.mylw.us.kg,None,0,Fail
38.12.36.112:3000,None,0,Fail
iot-dev-vita0-03.dev.maxifi.net,https://,0,Success
testing-01.dev.maxifi.net,https://,0,Success
3.149.25.78,None,0,Fail
113.87.226.103:8899,None,0,Fail
3.149.243.0,None,0,Fail
sfsdfsd-01.dev.maxifi.net,https://,0,Success
hotspok-dev-v-01.dev.maxifi.net,https://,0,Success
unun.startlogic.com,None,0,Fail
aa.rysx.us.kg,None,0,Fail
zz.wdwc.gq,None,0,Fail
clash.087923.xyz,None,0,Fail
shuo.cunming.nyc.mn,https://,0,Success
zhuanhuan.yikehongxing.us.kg,None,0,Fail
dy.yzh1225.us.kg,None,0,Fail
sub.bluetorch.us.kg,None,0,Fail
subcnonert.yuxing44.us.kg,None,0,Fail
sub.aadd.cloudns.ch,https://,0,Success
sublink.tims.us.kg,None,0,Fail
my-business.t.1webit.cz,https://,0,Success
sublink.cyberflare.us.kg,None,0,Fail
link.pipyzhang.com,None,0,Fail
kurd.fpr.net,None,0,Fail
sub.tornado-test.us.kg,None,0,Fail
pc.aying520.ggff.net,https://,0,Success
stg.k5e.co,https://,0,Success
jltgb.theyebar.com,https://,0,Success
sub.wuweb.us.kg,None,0,Fail
sub.looha.us.kg,None,0,Fail
gn.gshdev.com,None,0,Fail
sub.1one1.us.kg,None,0,Fail
g.vip-nova.ir,None,0,Fail
server.fpr.net,None,0,Fail
101.37.12.45,None,0,Fail
special.kurdistantech.ir,None,0,Fail
git.qonico.com,None,0,Fail
dy.yjzxmm.vip,https://,0,Success
jqblq.evergreen-21.com,https://,0,Success
v2ray.mgteam.pp.ua,https://,0,Success
zh.zoky7788.ggff.net,https://,0,Success
tooltee.com:8000,None,0,Fail
sublink.0769a.us.kg,None,0,Fail
sb.l2r.top,None,0,Fail
wiki.fnnrn.me,https://,0,Success
wvoeu.viajespdf.com,https://,0,Success
sublink-worker.aspx.tw.cn,https://,0,Success
subconvert.201119.xyz,https://,0,Success
www.wakeup5211.ggff.net,None,0,Fail
sublink.161521.xyz,https://,0,Success
sss.mios.fun,https://,0,Success
dpfib.theyebar.com,https://,0,Success
60.176.35.108:5080,None,0,Fail
sublink.mini989.win,https://,0,Success
azghr.lidczx.com,https://,0,Success
102.hssz202207.eu.org,None,0,Fail
dy0205.yzh1225.us.kg,None,0,Fail
berian-fe.simplematics.cz,https://,0,Success
convert.abcdeee.us.kg,None,0,Fail
emyab.first24vet.com,https://,0,Success
yonflee.us.kg,None,0,Fail
tj-zh.660166.xyz,https://,0,Success
qifei.busy167.us.kg,None,0,Fail
doodurant.diyishan.us.kg,None,0,Fail
sublink.avazoe.us.kg,None,0,Fail
dy.wv.ip-ddns.com,https://,0,Success
abc.itsuki9967.us.kg,None,0,Fail
sub.haisen128.us.kg,None,0,Fail
sub.miu-koishi.cloud,https://,0,Success
sub.qcgz.me,None,0,Fail
zenklovka.partnermind.eu,https://,0,Success
sublink.nanoc.work,https://,0,Success
transfer.mkqr.us.kg,None,0,Fail
sub.33663366.xyz,https://,0,Success
vip.binge5096064.us.kg,None,0,Fail
sw.tsk.im,None,0,Fail
dj.lunartw.us.kg,None,0,Fail
mm.mooty.co,None,0,Fail
convert.niggerkiller.sbs,None,0,Fail
102.xicun.us.kg,None,0,Fail
op.svenyang.sbs,None,0,Fail
dj.mengmax99.us.kg,None,0,Fail
dy.zuiaifuzhu.us.kg,None,0,Fail
vless1.moonrest.rest,None,0,Fail
www.yancy.us.kg,None,0,Fail
sub.ltzlovecxy.us.kg,None,0,Fail
zhdsub.zddyc.us.kg,None,0,Fail
demo.wdev.in,None,0,Fail
sub.xzkg.us.kg,None,0,Fail
sublink.kingkey.us.kg,None,0,Fail
sub.888678.best,None,0,Fail
irc.tikiwiki.org,https://,0,Success
dj.ml1955.us.kg,None,0,Fail
sub.sqvpn.top,None,0,Fail
sub.nark.cf,None,0,Fail
apacheconna2015.sched.com,None,0,Fail
mailshield.irbis.cloud,https://,0,Success
psub.114113.xyz,None,0,Fail
deoyn.lidczx.com,https://,0,Success
jd.lingyuzn.cn,None,0,Fail
dyz.zq888.eu.org,None,0,Fail
zhuanhuan.660166.xyz,https://,0,Success
sublink-worker.iiiu.eu.org,https://,0,Success
geminabox.redborder.com,https://,0,Success
yu.yu6666.sbs,None,0,Fail
sub.ckbuer.eu.org,https://,0,Success
dy.biomole.cn,None,0,Fail
zdy.1108jm.ggff.net,https://,0,Success
portainer-templates.mrproper.dev,None,0,Fail
sa.pearlau.top,None,0,Fail
clash.hehui.pp.ua:2096,https://,0,Success
kqoww.csdri.org,https://,0,Success
prndl.community,https://,0,Success
zxgeq.viajespdf.com,https://,0,Success
dy.seucc.club,None,0,Fail
subm.tiancelab.us.kg,None,0,Fail
zh.upzhu.eu.org,None,0,Fail
sublink.leero.me,None,0,Fail
subscribe.zhang.fi.eu.org,https://,0,Success
hnjobs.cr.lvtd.dev,https://,0,Success
sublink.kimq.net,None,0,Fail
sub.tigo.pw,None,0,Fail
dy.gamenpcai.vip,https://,0,Success
sublink.020206.xyz,None,0,Fail
love.fullmedia.cz,https://,0,Success
clash.hehui.pp.ua,https://,0,Success
cdx.us.kg,None,0,Fail
test.hoshinoyume.ip-ddns.com,None,0,Fail
sublink.eavan.dev,http://,0,Success
demo.hirekrut.com,https://,0,Success
lianjie.xiner8.ggff.net,None,0,Fail
sublink.sb110.sbs,http://,0,Success
subjoc.wbyzhd.eu.org,https://,0,Success
sub.geek.nyc.mn,https://,0,Success
kliro-138.k8stage.ulovdomov.cz,None,0,Fail
www.demomy.hirekrut.com,https://,0,Success
dyz.zq888.eu.org:2086,None,0,Fail
resume.raymondloman.nl,https://,0,Success
www.demo.hirekrut.com,https://,0,Success
docker.themobiapp.com,None,0,Fail
demomy.hirekrut.com,https://,0,Success
dy.youyuanjiushizhende111.sbs,http://,0,Success
cache-01.prestocuisine.fr,https://,0,Success
vhzcm.baihongyu.com,http://,0,Success
wdlcm.baihongyu.com,http://,0,Success
193.122.148.232.sslip.io,https://,0,Success
c.onani.cn,None,0,Fail
54.166.57.102:8080,None,0,Fail
hirekrut.com,https://,0,Success
51.21.46.37,None,0,Fail
urltm1703019209.jobotedev.com,None,0,Fail
gosgh.sdxhxx.com,None,0,Fail
api-guidelines.stable.gcp.viesure.io,None,0,Fail
52.90.167.159,None,0,Fail
weechat.farseerfc.me:8888,None,0,Fail
mobaxterm.site,None,0,Fail
52.90.167.159:8080,None,0,Fail
183.158.164.199:5080,None,0,Fail
81.34.57.181,None,0,Fail
18.220.247.165,None,0,Fail
91.107.247.151.sslip.io,None,0,Fail
www.dev.antaris.io,None,0,Fail
g.fars.ee:8888,http://,0,Success
3.6.246.110:3001,None,0,Fail
81.34.41.117,None,0,Fail
119.123.177.10:8899,None,0,Fail
3.65.28.193,None,0,Fail
94.176.182.131,None,0,Fail
44.202.208.68,None,0,Fail
sv-proxy.plants.sh,None,0,Fail
vultr.farseerfc.me:8888,http://,0,Success
23.94.217.100,None,0,Fail
catalogize.dev,None,0,Fail
staging.themobiapp.com,None,0,Fail
app.catalogize.dev,None,0,Fail
